Sector,Industry,Stock Symbols
Communication Services,Advertising Agencies,"APP, OMC, TTD, WPP, MGNI, LFTO, DV, STGW, ZD, CCO"
Communication Services,Broadcasting,"FOXA, FOX, NXST, TGNA, SBGI, AMCX, GTN"
Communication Services,Entertainment,"DIS, NFLX, WBD, LYV, FWONA, RBLX, WMG, SPOT"
Communication Services,Interactive Media & Services,"GOOGL, META, SNAP, PINS, BIDU, MTCH, YELP"
Communication Services,Publishing,"NWS, NWSA, NYT, DJCO, SCHL"
Communication Services,Telecom Services,"T, VZ, TMUS, CHTR, CMCSA, LBRDA"
Consumer Cyclical,Auto Manufacturers,"TSLA, TM, GM, RACE, F, HMC, RIVN, STLA, LI, NIO"
Consumer Cyclical,Auto Parts,"ORLY, AZO, GPC, MGA, BWA, AUR, ALSN, MOD, APTV, ALV"
Consumer Cyclical,Department Stores,"DDS, M, KSS, PLBL"
Consumer Cyclical,Home Improvement Retail,"HD, LOW, FND, HVT, LIVE"
Consumer Cyclical,Internet Retail,"AMZN, BABA, PDD, MELI, DASH, SE, EBAY, JD, CPNG, W"
Consumer Cyclical,Lodging,"MAR, HLT, IHG, H, HTHT, WH, CHH, ATAT, CVEO, INTG"
Consumer Cyclical,Packaging & Containers,"SW, PKG, AMCR, IP, BALL, AVY, CCK, SON, REYN, GEF"
Consumer Cyclical,Restaurants,"MCD, SBUX, CMG, YUM, QSR, DRI, YUMC, TXRH, DPZ, EAT"
Consumer Cyclical,Specialty Retail,"WSM, ULTA, CASY, BBY, TSCO, FIVE, GME, DKS, MUSA, BBWI"
Consumer Defensive,Beverages - Non-Alcoholic,"KO, PEP, MNST, CCEP, KDP, COKE, CELH, PRMB, KOF, COCO"
Consumer Defensive,Beverages - Wineries & Distilleries,"DEO, BF-B, BF-A, AGCC, SNDL, MGPI, WVVI, AMSS, IBG, EPSM"
Consumer Defensive,Confectioners,"MDLZ, HSY, TR, SOWG, RMCF"
Consumer Defensive,Discount Stores,"WMT, COST, TGT, DG, DLTR, BJ, TBBB, PSMT, OLLI"
Consumer Defensive,Farm Products,"ADM, BG, TSN, CALM, AGRO, DMC, DOLE, VITL, VFF, LND"
Consumer Defensive,Household & Personal Products,"PG, UL, CL, EL, KVUE, KMB, CHD, CLX, ELF, IPAR"
Consumer Defensive,Packaged Foods,"KHC, GIS, MKC, SJM, JBS, MICC, HRL, DAR, SFD, CAG"
Consumer Defensive,Tobacco,"PM, BTI, MO, RLX, TPB, AIIR, UVV, ISPR, RYM, GNLN"
Energy,Oil & Gas E&P,"COP, CNQ, EOG, OXY, FANG, DVN, WDS, EQT, TPL, EXE"
Energy,Oil & Gas Equipment & Services,"SLB, BKR, TS, FTI, HAL, NOV, WFRD, SEI, AROC, KGS"
Energy,Oil & Gas Integrated,"XOM, CVX, SHEL, TTE, BP, EQNR, E, SU, PBR, IMO"
Energy,Oil & Gas Midstream,"ENB, WMB, EPD, ET, KMI, TRGP, TRP, MPLX, OKE, LNG"
Energy,Oil & Gas Refining & Marketing,"VLO, MPC, PSX, DINO, SUN, PBF, UGP, CVI, IEP, DK"
Energy,Thermal Coal,"CNR, ARLP, BTU, NRP, NC"
Financial,Asset Management,"BLK, BX, KKR, BN, BAM, APO, STT, AMP, ARES, NTRS"
Financial,Banks - Diversified,"JPM, BAC, HSBC, RY, MUFG, WFC, C, SAN, TD, SMFG"
Financial,Banks - Regional,"MFG, HDB, IBN, USB, PNC, LYG, NWG, DB, NU, TFC"
Financial,Capital Markets,"MS, GS, SCHW, HOOD, IBKR, NMR, LPLA, TW, CRCL, IREN"
Financial,Financial Data & Stock Exchanges,"SPGI, CME, ICE, MCO, NDAQ, COIN, MSCI, CBOE, TRU, FDS"
Financial,Insurance - Diversified,"BRK-B, BRK-A, SLF, AIG, HIG, ACGL, AEG, BNT, PLGO, XZO"
Financial,Insurance Brokers,"MRSH, AJG, AON, WTW, BRO, ERIE, RYAN, BWIN, ARX, NP"
Healthcare,Biotechnology,"VRTX, MRNA, REGN, ARGX, RVMD, ONC, ALNY, RPRX, ROIV, INSM"
Healthcare,Diagnostics & Research,"TMO, DHR, NTRA, A, IQV, WAT, IDXX, ILMN, MTD, DGX"
Healthcare,Drug Manufacturers - General,"LLY, JNJ, ABBV, MRK, NVS, AZN, AMGN, GILD, PFE, BMY"
Healthcare,Drug Manufacturers - Specialty & Generic,"TAK, TEVA, HLN, ZTS, VTRS, UTHR, NBIX, ELAN, RDY, ALKS"
Healthcare,Healthcare Plans,"UNH, CVS, ELV, CI, HUM, CNC, MOH, OSCR, CLOV, PGNY"
Healthcare,Medical Devices,"ABT, MDT, SYK, BSX, EW, DXCM, GEHC, PHG, STE, ZBH"
Healthcare,Medical Instruments,"NVDA, AAPL, GOOGL, GOOG, MSFT, AMZN, TSM, SPCX, META, AVGO"
Industrials,Aerospace & Defense,"SPCX, GE, RTX, BA, LMT, HWM, GD, NOC, TDG, HONA"
Industrials,Airlines,"DAL, UAL, RYAAY, LUV, LTM, AAL, CPA, ALK, SKYW, AERO"
Industrials,Building Products & Equipment,"TT, JCI, CARR, MAS, CSL, LII, MAIR, WMS, OC, SPXC"
Industrials,Conglomerates,"MMM, HON, VMI, BBUC, GHC, PAM, SEB, OTTR, DLX, FBYD"
Industrials,Farm & Heavy Construction Machinery,"CAT, DE, PCAR, CNH, AGCO, OSK, FSS, TEX, ALG, BLBD"
Industrials,Industrial Distribution,"GWW, FAST, FERG, WCC, WSO, QXO, AIT, CNM, MSM, POOL"
Industrials,Specialty Industrial Machinery,"GEV, ETN, PH, EMR, ITW, CMI, AME, ROK, IR, DOV"
Industrials,Waste Management,"WM, RSG, WCN, GFL, CLH, CWST, NVRI, ONT, OIO, PESI"
Real Estate,REIT - Healthcare Facilities,"WELL, VTR, DOC, OHI, AHR, CTRE, HR, SBRA, NHI, LTC"
Real Estate,REIT - Industrial,"PLD, PSA, EXR, EGP, CUBE, FR, REXR, LINE, TRNO, STAG"
Real Estate,REIT - Office,"BXP, ARE, CDP, VNO, CUZ, KRC, SLG, HIW, DEI, PDM"
Real Estate,REIT - Residential,"VMRK, ESS, UDR, INVH, MAA, SUI, CPT, ELS, AMH, JAN"
Real Estate,REIT - Retail,"SPG, O, KIM, REG, FRT, BRX, ADC, NNN, MAC, EPRT"
Real Estate,REIT - Specialized,"NVDA, AAPL, GOOGL, GOOG, MSFT, AMZN, TSM, SPCX, META, AVGO"
Real Estate,Real Estate Services,"CBRE, BEKE, JLL, CSGP, COMP, FSV, CIGI, IHS, CWK, OPEN"
Technology,Computer Hardware,"DELL, ANET, SNDK, STX, WDC, P, HPQ, SMCI, IONQ, LOGI"
Technology,Consumer Electronics,"AAPL, SONY, LPL, SONO, GPRO, FXHO, VUZI, TBCH, UEIC, AXIL"
Technology,Information Technology Services,"IBM, ACN, INFY, CTSH, FISV, BR, FIS, CDW, WIT, LDOS"
Technology,Semiconductor Equipment & Materials,"ASML, LRCX, AMAT, KLAC, TER, Q, ENTG, ONTO, AMKR, NVMI"
Technology,Semiconductors,"NVDA, TSM, AVGO, SKHY, MU, AMD, INTC, ARM, TXN, MRVL"
Technology,Software - Application,"SAP, CRM, SHOP, UBER, NOW, SNOW, ADP, DDOG, CDNS, ADBE"
Technology,Software - Infrastructure,"MSFT, PLTR, ORCL, PANW, CRWD, FTNT, NET, SNPS, NBIS, CRWV"
Utilities,Utilities - Diversified,"SRE, BIP, AES, ELPC, AQN, AVA, UTL"
Utilities,Utilities - Electric,"NVDA, AAPL, GOOGL, GOOG, MSFT, AMZN, TSM, SPCX, META, AVGO"
Utilities,Utilities - Independent Power Producers,"CEG, VST, NRG, TLN, OKLO, TAC, KEN, HNRG, DGXX, ONEN"
Utilities,Utilities - Regulated Gas,"ATO, NI, UGI, SWX, BKH, NJR, BIPC, SR, OGS, MDU"
Utilities,Utilities - Renewable,"ENLT, BEP, CWEN, ENIC, ORA, BEPC, MWH, FRVO, RNW, XIFR"
Utilities,Utilities - Regulated Water,"AWK, SBS, WTRG, AWR, CWT, HTO, MSEX, YORW, CWCO, ARTNA"
Basic Materials,Agricultural Inputs,"CTVA, NTR, CF, MOS, ICL, SMG, FMC, UAN, IPI, AVD"
Basic Materials,Aluminum,"AA, CENX, CSTM, KALU"
Basic Materials,Chemicals,"DOW, CE, MEOH, OLN, HUN, REX, GPRE, WLKP, LXU, TROX"
Basic Materials,Copper,"SCCO, FCX, TECK, HBM, ERO, TGB, IE, COPR"
Basic Materials,Gold,"NEM, AEM, B, WPM, FNV, AU, GFI, KGC, RGLD, PAAS"
Basic Materials,Specialty Chemicals,"LIN, SHW, ECL, APD, PPG, IFF, LYB, DD, RPM, ALB"
Basic Materials,Steel,"NUE, MT, STLD, RS, PKX, TX, CLF, GGB, SIM, WS"
